{"cameraMode":{"drawMode":0,"name":"Shaded","section":"Shading Mode"},"sceneLighting":false,"audioPlay":false,"sceneViewState":{"m_AlwaysRefresh":false,"showFog":true,"showSkybox":false,"showFlares":true,"showImageEffects":true,"showParticleSystems":true,"showVisualEffectGraphs":true,"m_FxEnabled":true},"in2DMode":false,"pivot":{"x":-2.0244643688201906,"y":12.569843292236329,"z":-2.7984180450439455},"rotation":{"x":-0.0036038896068930628,"y":0.94263756275177,"z":0.33364731073379519,"w":0.01018171664327383},"size":31.40678596496582,"orthographic":false}