{"cameraMode":{"drawMode":0,"name":"Shaded","section":"Shading Mode"},"sceneLighting":false,"audioPlay":false,"sceneViewState":{"m_AlwaysRefresh":false,"showFog":true,"showSkybox":false,"showFlares":true,"showImageEffects":true,"showParticleSystems":true,"showVisualEffectGraphs":true,"m_FxEnabled":true},"in2DMode":false,"pivot":{"x":-8.644061088562012,"y":0.2186417579650879,"z":5.630107879638672},"rotation":{"x":0.2140568345785141,"y":-0.07173608243465424,"z":0.01572771929204464,"w":0.9740938544273377},"size":0.01852455362677574,"orthographic":false}