{"cameraMode":{"drawMode":0,"name":"Shaded","section":"Shading Mode"},"sceneLighting":false,"audioPlay":false,"sceneViewState":{"m_AlwaysRefresh":false,"showFog":true,"showSkybox":false,"showFlares":true,"showImageEffects":true,"showParticleSystems":true,"showVisualEffectGraphs":true,"m_FxEnabled":true},"in2DMode":false,"pivot":{"x":-4.179349899291992,"y":-0.04136413335800171,"z":6.025111198425293},"rotation":{"x":-0.18512633442878724,"y":-0.03446609899401665,"z":0.006529237609356642,"w":-0.9821228981018066},"size":1.0102609395980836,"orthographic":false}