{"cameraMode":{"drawMode":0,"name":"Shaded","section":"Shading Mode"},"sceneLighting":false,"audioPlay":false,"sceneViewState":{"m_AlwaysRefresh":false,"showFog":true,"showSkybox":false,"showFlares":true,"showImageEffects":true,"showParticleSystems":true,"showVisualEffectGraphs":true,"m_FxEnabled":true},"in2DMode":false,"pivot":{"x":721.1574096679688,"y":558.4989013671875,"z":19.570802688598634},"rotation":{"x":0.031804729253053668,"y":-0.003003222867846489,"z":0.000058844860177487135,"w":0.9995265007019043},"size":254.16091918945313,"orthographic":false}